Fund Name,P1,P2,P3,P4,Topsis Score,Rank
M1,0.67,0.45,6.5,42.6,0.1833551911779729,6
M2,0.6,0.36,3.6,53.3,0.4863855212847715,5
M3,0.82,0.67,3.8,63.1,0.9577889700420559,1
M4,0.76,0.58,4.8,43.0,0.5382773413927265,4
M5,0.69,0.48,4.2,52.2,0.5526365969816757,3
M6,0.79,0.62,5.1,49.8,0.6031145729969766,2
